<?xml version="1.0" encoding="UTF-8" ?>
<!-- Configuration data file for creamake with gfortran in Windows -->
<!-- Suggested fflags: -std=f2008 -fall-intrinsics -Wall -fcheck=all -fbacktrace -ggdb -->
<content>

<os>
windows
</os>

<prolog>
BMODLIB = basicmod/lib/libbasicmod.a
</prolog>

<sources>
source
source/cuthill_mckee
source/ansys
source/patran
source/unv
source/mfm
source/mum
source/vtu
source/mphtxt
source/pmh
source/flux
source/freefem
source/fem_extract
source/gmsh
source/main
</sources>

<include>
$(BMODLIB)
</include>

<compiler>
gfortran
</compiler>

<fflags>
-std=f2008 -fall-intrinsics -Wall -fcheck=all -fbacktrace -Ibasicmod/include
</fflags>

<ldflags>
-static -Lbasicmod/lib -lbasicmod
</ldflags>

<rules>
.PHONY: lib cleanlib
lib: $(BMODLIB)

$(BMODLIB): 
	${MAKE} -f Makefile.static.gfortran.windows -C basicmod

cleanlib: clean
	${MAKE} -f Makefile.static.gfortran.windows -C basicmod cleanlib
</rules>
</content>
