<?xml version="1.0" encoding="UTF-8" ?>
<!-- Configuration data file for creamake with gfortran in Linux-->
<!-- Suggested fflags: -nologo -stand f15 -warn all -check all,noarg_temp_created -traceback -debug -->
<content>

<prolog>
BMODLIB = basicmod/lib/libbasicmod.a
</prolog>

<sources>
source
source/cuthill_mckee
source/ansys
source/patran
source/unv
source/mfm
source/mum
source/vtu
source/mphtxt
source/pmh
source/flux
source/freefem
source/fem_extract
source/gmsh
source/main
</sources>

<include>
$(BMODLIB)
</include>

<compiler>
ifort
</compiler>

<fflags>
-nologo -stand f15 -warn all -check all,noarg_temp_created -traceback -Ibasicmod/include
</fflags>

<ldflags>
-static -Lbasicmod/lib -lbasicmod
</ldflags>

<rules>
.PHONY: lib cleanlib
lib: $(BMODLIB)

$(BMODLIB): 
	${MAKE} -f Makefile.static.ifort.linux -C basicmod

cleanlib: clean
	${MAKE} -f Makefile.static.ifort.linux -C basicmod cleanlib
</rules>
</content>
